Date,Listing Name,Price,Link
July-07/23/23-2023,"Apple MacBook Air M1 2020 Apple M1 3.1GHz 8GB RAM NO HDD 13"" Please Read",0.99,https://www.ebay.com/itm/364365274296?hash=item54d5dcdcb8:g:huwAAOSwrapkurKW&amdata=enc%3AAQAIAAAA4H2yMfJufde1Ziqs0iWa0GWsQ9Ry7N5Nn9olk8RGQ7ZEZkjiRZduRAMMvQxjToE%2BlTJwkw21M7r3dxNL9H%2F%2Ft65rfVOx3OYk1mpKe%2BwBJb7zftJIJWyr29eL9OsoQtdiaCAieCud3vaiedNzaSO6yaEsS7sAQa1CiFMiLClRtnMB9%2FgICWiyrXjOu41wusLdmac9scVK25I7oV13Fqkto5h0ziUrs3XITvhk3gjKQwAxVFFgS%2BTwZVWl1Q2jGlYz5nn6%2BzqjYoUMxEPU95CZDyywvvBIGWlNrVQAabmyCjr2%7Ctkp%3ABk9SR-i2wJawYg
July-07/23/23-2023,"Apple MacBook Air M1 2020 Apple M1 3.2GHz 8GB RAM NO HDD 13"" ",0.99,https://www.ebay.com/itm/374827746721?hash=item57457985a1:g:Rr4AAOSwShtkuwbz&amdata=enc%3AAQAIAAAAwDPb1%2FhN9CR%2BiQAB5J12xL1XLrS4jdzsvSfFBQzMaQODtToGAkxBCg7Lzv5N9eYW%2FWHqo4xhN3uKDf1fT3ZRsw4FvkSO%2FwwfTO78w87KgzIzHlLRPqVn8ClZ%2FyvkKzjllS%2FU5P1Q38ZQkWUSm7QA0IcgzLr9VHqUvZQP4QvexOFHI6NQGv6jfovV9hu2VHBOZdQpbTwgT0vsldYVDqBhYCwjMPMorE8Bgvps010klz84V3wIs7ZuD2uFEz0XJoJgEw%3D%3D%7Ctkp%3ABk9SR-i2wJawYg
July-07/23/23-2023,New ListingApple MacBook Air 13.3 M1 8GB 128GB SSD (Late 2020) lot of 15,10.5,https://www.ebay.com/itm/256151933932?hash=item3ba3d853ec:g:flgAAOSw2eNjNwM5&amdata=enc%3AAQAIAAAA4P91u1V8kv2IOaQb%2FmlrrKwdpVsuyuwYG5JXGYstBQy9jp%2FhsuA76m7BehcQw13heEkyJwfffS1kh9ahMrFkgrf0ypWhFLNf0ts9OHoOKi8AxQVppBpaSeSBUC1HeDPaKpz%2BpV%2BwlkgrldpeVsf%2FLz1QYIihIPuU9JGgFRkrkGerOmhwLJPJBwI15WPxX3JFcfOl36l4WsUYQ0O%2BiCb5KMuArXACzloA8meYcF%2B8YaeIgbFMBBDUqyCoERljDaV5%2B4p46wVhnPoWvJmEURJhaagAsAy%2Bg7hzmO2QK%2BKs9QrQ%7Ctkp%3ABk9SR-a2wJawYg
July-07/23/23-2023,"New ListingBrand-New Apple MacBook Air 13in (256GB SSD, M1, 8GB) Laptop-Silver- MGN93LL A",12.58,https://www.ebay.com/itm/256151934286?hash=item3ba3d8554e:g:e88AAOSwbI1jSkOJ&amdata=enc%3AAQAIAAAAwGY30Fr6UVFZfAFGg0VzjSfvwdJhWTJvC%2Bq0qyiAfaXZT91iGAwgamRtBuQAUo8TqXHfs2l56z97wdGzQGW2aL7WsjnwucbYE%2BwWO5NnF50eEfTSkuqa2n2hgmwObDVQ0nXUROVwhLTg3s5zSaZzW25HBxCQUY1yBC7Nv0%2BSEirhmQy6lRvWnJqd%2FZS8rBN%2FeqNoKgHA%2B2aWJyr3kqJuTK1NzHQgi7TVBfPOiPV44INfEQhpsbS6e%2BBXUx4WK8Llbw%3D%3D%7Ctkp%3ABk9SR-a2wJawYg
July-07/23/23-2023,*FOR PARTS* 2020 Apple MacBook Air 8GB RAM 128GB SSD Apple M1 Chip U4,49.0,https://www.ebay.com/itm/285392876185?hash=item4272bdb299:g:OegAAOSwpZtkuZHS&amdata=enc%3AAQAIAAAA4KKjx3B72t0awijU416o13IG%2BB%2BvECOjbIuT%2Bh5km33x2qw3h7Mtp9POH%2FolP6q1f376WfXwzgkxLCTHevgiIL8E%2BYe5nTSxYm%2Ba4Yr3yW1xawHQGr5cKsj4W12628bvuB3RhKu4zSLKFXjO7twxIRS8pX82oAgveulDiia91IpBdszuz7VLG0rbZQK2gbxikPpl9jOcERm33SDjX3hecpOqHV8Ht%2F5yprqnqfnofXjQ%2Br%2F1kk5f%2BpZw2dn%2FQLqK2BWr6XQCLIGMdBu1rA%2BRyjJefm%2BbkTgBdk7TsvIDQ8wV%7Ctkp%3ABk9SR-q2wJawYg
July-07/23/23-2023,"Apple MacBook Air 13in (256GB SSD, M1, 8GB) Laptop - Silver - MGN93LL/A...",100.0,https://www.ebay.com/itm/404393325940?epid=21042411802&hash=item5e27b87574:g:u~YAAOSwfgFkuqwh&amdata=enc%3AAQAIAAAAwJ1p%2FbTle6fcLZCLuTxFFlPuDsTVJxYLpzYGavmhIHIiKcfjOgS%2BS4juJ4%2BtQgMc3fHJyNpQK0LGGg8h2FGJJGovcazusLysoGgKsRuDQBKfa%2FhpnE1XQjtzuElYnzWCftlFs0ywjqrZmTqqopLWDk%2BRgUZBX%2FhOcOaSQPQEbq%2Fcphk%2FTyEQMX40CY3L9AkFmGwJb1ocZD%2BNBroRru3BC44B7%2F5oNrZ4rw1hzG1Rs0GPfInVvc2Ko0%2FF0HAA0h0HMA%3D%3D%7Ctkp%3ABk9SR-q2wJawYg
July-07/23/23-2023,Apple MacBook Air 13in (256GB-8GB-M1) - Space Gray - MGN63LL/A - Cracked Screen,107.5,https://www.ebay.com/itm/185998548742?epid=15042414801&hash=item2b4e609f06:g:vvYAAOSwK4Vkugm~&amdata=enc%3AAQAIAAAA4MYd1dd84mOQ7%2FynC7sRBQDcB86bqpNdvQdIZQc4JRq%2F3zJH%2B0%2FYMfmg3RjTCSzeObgag5PiAGoiB6RsAZZzv9y3U5tUCC%2BrzUHqfsPgmSJJM32LhCIr%2FxJf72BJGyyypUVSvHbzIkBUNwZsVMjJi8C8fKz0B3buy9AwDNcviO7%2BgCH4jgRKEN5NKhBHsvOMXjGWsU9eXEJg8fh5dIB5EPhOkhdmL7CHfAPHMS7k2oKi%2BaAR6LEUpw9Rj1iSu6Vx8PIKuJD0la5cCJ%2F96BD69l1AMwyXaZJGb9FJO%2BX0p13F%7Ctkp%3ABk9SR-q2wJawYg
July-07/23/23-2023,"Apple MacBook Air 13.3"" (256GB SSD, M1 8-Core, 16GB) Laptop - Silver",138.5,https://www.ebay.com/itm/235087252476?epid=2318376122&hash=item36bc4acbfc:g:jsYAAOSw7gFknkvh&amdata=enc%3AAQAIAAAA4Pv3VmBMNJwJlrIMwo5xNSE0GVQQZQuzD5rbCobEtHoD1XT73N5Wc7MX21xRc%2Bvap9zYvScJyvcm6YevgOpwLx2JHZOJ3rjwWGsY1G02LTMH7jzimSpP2ep%2F%2BWoY4OQbevn0y%2FPxFM%2B4%2FTO016ob4viRdaF7wx5E0i71Ml%2F5j6snzwYgM3c%2B2PabulU29QljG1I6Mvcs9X8PM25BgQ5ZBwKlQJkhjGcoxrjfwj6zqbyjLzwxfxR2NL1ogBLHKYskQyyvZjYOhBKX1v8NsXQd1%2FIdjXXnGO9DRU3ZuJbdHdYx%7Ctkp%3ABk9SR-i2wJawYg
July-07/23/23-2023,"New ListingApple MacBook Air 13in (256GB SSD, M1, 8GB) Laptop - Space Gray - MGN63LL/A...",190.0,https://www.ebay.com/itm/266344402750?epid=15042414801&hash=item3e035d0f3e:g:E~kAAOSww~1kvF6J&amdata=enc%3AAQAIAAAA4PCtcjo%2FdxZSRPvS36GjW5XXxHEuXmV5sCJvh%2FpK2csqlxA15fCP7o6mF0cxx34aBpYEKKf5ofUu%2FbUBwm9GeGi6xcbABhnGvGj0UPHgv2FIwscqKoqIgljBFhvzMQrp1lwrtZSt4Iofxo29YMfCAouzCRLoPjCjDLinSWrzLmnXvFeowjzBLie%2FRj06P6reSlhxcRYfKVBI8tBarVTI2e%2ByGiQf3zEl2Z8W6bLD1bPysWyY58ruC5QRqDMBatEZ%2FpSZzSwUIFZDP65njvPl6RlpWDqqmZdfQYTzLZbqloYD%7Ctkp%3ABk9SR-a2wJawYg
July-07/23/23-2023,"13.3"" A2337 APPLE MACBOOK AIR 2020/M1@3.20GHZ/8GB RAM/256GB SSD/SPACE GRAY",216.5,https://www.ebay.com/itm/166232472003?hash=item26b43a39c3:g:2BcAAOSw8ZhktUd-&amdata=enc%3AAQAIAAAA4MbpsEDLBqQDI%2F0h8yQd7dpuox1pHeRMQ9qPuSUSBvc1KQYf6HyNXIlY6wGEkH5Cr8fWe1g%2FcTPeMWc4OJ%2Bb4dQHAfWR2DwEihVFexUtQftiHDxcUvpfs97bwUfO8W23DujahmS7mvTE3MsiMezrgMTrAsbQpN55k4%2BaLCr423hodtpRK0Eas%2B1OAD1Rb7D5a1kmb9AdP8BNVMOB4Jm4QQ1%2FF9zWOr%2FWSAbgOTQ0QYb7fhB9VlilLLdZ2sgV9wJt7KB%2BEocjU4YDezBSDGs3teD9OXX%2BIUUrosdHOdfmewQG%7Ctkp%3ABk9SR-q2wJawYg
July-07/23/23-2023,"Apple 2020 MacBook Air Laptop M1 13"" 8GB RAM 256GB SSD Gold - FOR PARTS",249.95,https://www.ebay.com/itm/314726512090?epid=6042422516&hash=item49472975da:g:Mp8AAOSwmQ5kutrN&amdata=enc%3AAQAIAAAAwGd0wh%2FxttrMmY8TOAeTWs91vj%2BlFxEwjbqb3cD5VH0hqt5DgHvLTinETLA3cvP5ShnPJ%2FIG0C1u0eBbxy6YnyteJxxawFdDFt8%2FasBC%2FBM2r9jADhWyHlJSkUgT73PxUucJbwr6WyNT8elRQO%2FvZA7wB1fe9SbEHEwQWE2PGBzEFZ1wtH31YxjbdTFAuthZ18jhY8Rfoxv1H0PKSHHSfkXgRadWhFPASZCX1KZUAZ8NBjsUcPEOST10EbzEySabXw%3D%3D%7Ctkp%3ABk9SR-q2wJawYg
July-07/23/23-2023,"As-Is For Parts/Repair Broken Late 2020 M1 Apple MacBook Air 13"" 256GB SSD",259.99,https://www.ebay.com/itm/145196720834?hash=item21ce6622c2:g:-JAAAOSw6n5ktwAo&amdata=enc%3AAQAIAAAA4KivTFWCvnWubRm0%2FED%2BDSUmrewdf2wxzU1izq%2Fp0WyfyFjOV1NImoxys8t85kpQDUEfVM0t8Q0Y8Zg8Wr3UVn90l3XtA%2B8Inia593xhyzANUdg6QytCo16NGDpkf0mYuGYnMJwYgRq7DiDNP8XP5hHyuUUf%2FJqSDpTG1Di5LbVs8U2alrQfMnPU%2FXzM5HrWMaBf5jwL8cxHIYjlDF%2B6zC7UGNGim3MX9HF1z8e4PCnyeZ5kXNldlID6Dlw7mABwbRDs3xG2DUf9GzeK3BeqqoMLvSqQvMmCG7NJNyyemqWe%7Ctkp%3ABk9SR-q2wJawYg
July-07/23/23-2023,"2020 Apple MacBook Air 13"" - Apple M1 Chip  - Choose Specs - FMI ON",299.95,https://www.ebay.com/itm/364349514007?hash=item54d4ec6117:g:~T8AAOSw2hxksDmg&amdata=enc%3AAQAIAAAAwMNxtQLOqTqMn8qQir3HyNwZnV6NLcQy7XHm78%2F5j0pDLgQs0SN3wZGSOOko7qzYBCPyWSIQkp3i56klEPfD7WXHE8m9A0WWsF3g4sx17u30KoZ5JXGXrlqr078Rs3HNHg97a3HNsYIr%2FwVIkklH6Z8AOqFg0GHE9wvrtF9eSR%2B2ngkb0vmmDro8iY5oCfdGwC9gbQTbJfMy9NwqHxhHttiJWTMMcS4belxx7HxV8fRS5y5tO0f94puLATEPIRRf7g%3D%3D%7Ctkp%3ABk9SR-q2wJawYg
July-07/23/23-2023,"Apple MacBook Air 13.3'' (256GB SSD, Apple M1, 8GB RAM) Laptop - Space Gray",300.0,https://www.ebay.com/itm/385810048428?epid=9055828714&hash=item59d41225ac:g:LroAAOSw-C5kj2VK&amdata=enc%3AAQAIAAAAwDP75VWDcV6OBytwZXaiToNilx0opPsBMaBuUcEv5nLTxF4Qv%2FWL%2BK%2FVmkD7FfO3qL8VDkvNiX%2F%2ByCx95BImlwlHAMJVAmfRkEbxq4IGRP4kkWPhHpqA%2BBwgu86QXF63lgI4ro7OE7YUsQ%2F%2BBNC9oIUyd6iu1Te245Gj%2F%2B0HV0XZxoa4v8nOLi3wCEyeKkfUhRfE2IrwU9uaNwGYzZSRxIQ8Nn1gEj22DRBxOG%2Btoi%2BKHttGRxuro2g4E8LCM9EZNg%3D%3D%7Ctkp%3ABk9SR-a2wJawYg
July-07/23/23-2023,"Apple MacBook Air 13in (256GB SSD, M1, 8GB) Laptop - Space Gray - MGN63LL/A...",300.0,https://www.ebay.com/itm/364361294735?epid=15042414801&hash=item54d5a0238f:g:-KcAAOSwvNFkr0XA&amdata=enc%3AAQAIAAAA4NMTC8EzWzEBa3i9e%2BkuShbMJpJiV6up4GotBgC4MsDUmpa80IqELqEbRfDX2lzWd2LXH0Se%2FYpR3PGajAS%2F29TnZ9OaZfA48RpE7JD0pQv3KLq%2BMSalvZ%2BwvaaQZCCKKAxJ2vjqoZso0kdIErjR6U7ldaB6dCO7siwUQizbmQEtAyl1xjX7a9n3tnjUDDLdz8BshDvlnndpv%2BCqnaNip55PbaM1xCudMiRdlab4tMiTzZscJhmoFzqao0IKZe411fuiNIzzW69M4mdlMOeZKRdO6LnDeeu%2B02jhTSY9vUeQ%7Ctkp%3ABk9SR-q2wJawYg
July-07/23/23-2023,"Apple MacBook Air 2020 Gold 13"" 256GB SSD 8GB RAM M1 Processor 90% Battery",305.0,https://www.ebay.com/itm/145193295196?hash=item21ce31dd5c:g:VHMAAOSwj-NktFus&amdata=enc%3AAQAIAAAA4JpOEEt7sIeCtd7rz%2Fv3GQdZatnzKgnpwIaI5KGi8Fuv5NFFVwKO%2BMYdvbKXheIKk9ehIHI4fYE2Thg6MdJFldw68tn1QK1pNz9bLHkwbVLcah%2BedAhB7Epmm9jPtLtocO2nJoUKRdx5aji2yjYPuMV0eWs7iSIo0SpAXdm%2FpoXgacMVhgCozv8GVLait%2FoMiuYuciZ31OGix80NExw%2FMMVBHzroWU6sEgSBnyPPATs0u6WRAeurNZxcT%2BCHzPhGRk8cxHQmFZ%2FpEyu0iO4tRuPDBH3cPrxqQd8Pf6biylAw%7Ctkp%3ABk9SR-i2wJawYg
July-07/23/23-2023,"Apple 2020 MacBook Air 13"" Laptop 8GB RAM, 256B SSD M1 Chipset (D7)",315.0,https://www.ebay.com/itm/204403154303?hash=item2f97609d7f:g:08oAAOSwZ4ZkuWBP&amdata=enc%3AAQAIAAAA4JJzXVopFN3T5Krg5G%2BEKdixzI1IsE4DoafoL6W9b0yzNuMP4a3GIeFp%2FL6ZdGbqWQIdtDc0tu2vB0%2FNz7cYgspxka9LAn9P%2BqTaP35ncqdxOazYFAeyVspHxKimvUEAIN3TPONG6t1CQu%2FrdDO2X4V6wSZORk%2BPj%2FRTt73RrF8BhQZ3FS04AiFccA%2FDqJxJYS4bXCb%2BPuBpxmd%2B%2BNa8rS4h7RxlMlHVY8OT65CHRbi7O40aB28JHFHPNw2%2BX17WyXRPIZI3YZBta6oyP5o%2FeIPBwV7%2FwY%2BGAPzK4BNWte5G%7Ctkp%3ABk9SR-q2wJawYg
July-07/23/23-2023,"Apple Macbook Air 2020 13"" Core M1 3.2GHz 8GB RAM 256GB SSD (Activation Lock)",319.99,https://www.ebay.com/itm/364344402004?hash=item54d49e6054:g:2gMAAOSwtoJkrKlr&amdata=enc%3AAQAIAAAAwNZSM160UmeVwNABVUzf2UytyBmhgAFBaZU5%2B6R4IedxeRi8UcRW%2BcsNg5K9iHEhw7c9w65IeuqIZQ6xkysWLxq%2B0A4EDweQMFynFH5hhf4urOrRJ0wE7wHIQZBSMhakcHXAmYBZ6MTsB%2FQs2OGkuUarwbEvC1R7%2F7cb9FDLvPA%2BEKsm%2FVxZWelA0lOKWApgnnHVO0MePckl6sL7oel1XBz%2BZs1U0ASsvH7S5P0QTZQccn3GnwrqxVY6%2FAJFdAL9mg%3D%3D%7Ctkp%3ABk9SR-q2wJawYg
July-07/23/23-2023,Apple MacBook Air 2020 M1 CHIP 256GB ,320.0,https://www.ebay.com/itm/145197173138?hash=item21ce6d0992:g:oZIAAOSwKNtktxcr&amdata=enc%3AAQAIAAAA4L9q%2FP9DfIO1POKLOci5MXRwwH1khsRJEoWKg1re1renY3L3BoIpmyCX8HIClXkMLqhc40yCD85ahbOAYU8gkzizVpTrHz3xbY%2BkzJavBbR3qpTQwHGk5Ub%2FMEZBmYFqWkPQ5qZxXJPVaq5pMMocsPKO%2BMdMcBzyAt3ohnZ1F52O0UznTkj%2FuoGlx5jH00VpJi1mmcDhSutWyURivYuvVVIcjkxfMEgurtSM8yqFEc6c85UEpVJKKwWWOhxKkJ6hBtzTDWvxt5xJJH8eTd1gKqtHF0m21RqPfUyV6f7kVJL5%7Ctkp%3ABk9SR-i2wJawYg
July-07/23/23-2023,MacBook Air M1 2020,325.0,https://www.ebay.com/itm/285390529021?hash=item427299e1fd:g:v~IAAOSw7a9kgUfR&amdata=enc%3AAQAIAAAA4JMCbDj0rbofY%2FCoFlz%2FIOYN7HBugG1fyXEIT00ZpMfW3xXbeBnqkHbIu4hwKJDRhzIKi7P81NeXYrt5FJJIs6p2sr9yLlm6R%2BHmYKMy0i%2FPh13nZf7flaOXsxMiXwghBYadMYRxwxweiH7fLJQxYC9P1%2Fbhy%2FxEyI4gdukQpaD7XaT8Aekl3Ug32WTV4AKbPw5INpJSwNHEmYS3YiLyTsa3YAveSkq4DiF0QG7nduqJxXzINWfhafW%2BLPJW9qf1RCwvhQDOMuHV8LDcOAuqsC4735DXbJItJPbkNxwT4eHy%7Ctkp%3ABk9SR-a2wJawYg
July-07/23/23-2023,"New Listing*MINT* Apple MacBook Air 13.3 inch (Apple M1, 8 Core GPU, 16GB Ram, 512GB SSD)",335.0,https://www.ebay.com/itm/175830328655?hash=item28f04de54f:g:zNsAAOSwgglku7i3&amdata=enc%3AAQAIAAAA4M38Na%2FP2CjRTH6wqzRNpQnVIKvnBmgvbwU4wtbHk2z5m9BnZfF0wvUU074y1jYeQqZFlY2NlKSGBJzI2OzadanlO9eFF6CK96XdkTT145ZIdBvOqLSNiCcwIAbGbz8lgyapM8Icu3GPrIONl%2Fib1CDvTP8HsGF75a0Js1J99u9onK%2Fa5WJqJjqsqVGCHD6twr7kosPvFtrDo8A3H4LJFPY0TO1lDK4A7IeCn4JUOjaKMgZKtuhsejQRd5Oe6somi4sFyUsmm8gAYUHWWgpg1Z%2FXpthkOSgpyI9wrCYISmGg%7Ctkp%3ABk9SR-q2wJawYg
July-07/23/23-2023,"Apple Macbook Air 13.3"" Laptop M1 Chip 8GB 256GB SSD Gold MGND3LL/A 2020 Model",349.89,https://www.ebay.com/itm/175824509391?epid=6042422516&hash=item28eff519cf:g:-egAAOSwSxJkttBs&amdata=enc%3AAQAIAAAA4F%2Fy8tNJWKHJ7yTiTtiLSHks2m2TtGkYbX1XGvJwAaaSxXNesYBjlBF4aSOUZN7a0ojarrLA%2BzjiM9odZ5K%2B1E3VMnnTgu9PV1sqj0sZ97bntwlxfi%2BZCgZ7vIXjioR3FgkIbU7hy7XDwoT2tqAjrbMl6R%2Feejw8u%2B1Ll%2BN7RP5oRYe8XjRFl2cSRwwbZIvhXVpHExzJfIHDZpBAHFWcHtjl03BakKv141Evn6X1cRp%2BAmT1FLgS4JPS5KH3gsMWivvbNc14naOoiSwTbrdi%2BZclkyX1KQH3EdzCEb7pQwuS%7Ctkp%3ABk9SR-q2wJawYg
July-07/23/23-2023,"Apple MacBook Air 13in (256GB SSD, M1, 8GB) Laptop - Space Gray - MGN63LL/A...",351.0,https://www.ebay.com/itm/235098868486?epid=15042414801&hash=item36bcfc0b06:g:OFoAAOSwEc5kqubJ&amdata=enc%3AAQAIAAAAwGakM%2Bb%2BD8U6B1DEops1GlUb4oOaf2S7%2BNU2kMXYeAWrHOQw8ipnR%2BnRTaB2jwpysl0sgodqGIJdQgjw%2BSfQoDB%2FH%2BOQTynq7xyfgfeGr5vm9t7rwNQ5sbH3gP0ln7as9kf%2B9%2F1eg6vFK1GgksMmDQ8WDE1RQydNP%2FBXzgZFMEx%2BpKNvhQ779qharA6dBMxKxfykzbEUYZsAKLppXcT5CBB%2FCSGTAIyizUZ1uWvlBtZdTbUSRObkdLdeEkSB2aTmHg%3D%3D%7Ctkp%3ABk9SR-i2wJawYg
July-07/23/23-2023,"Apple MacBook Air 13in (256GB SSD, M1, 8GB) Laptop - Gold - MGND3LL/A (November,",357.0,https://www.ebay.com/itm/195886894219?epid=6042422516&hash=item2d9bc4cc8b:g:g~YAAOSwPBRktcV7&amdata=enc%3AAQAIAAAA4AFOMR1ck%2Bc6RCCaG5TUCtiLDVWk%2BoWKMP9q2I0Ra32YecRqZ3OFsmle%2FG0muFUlQqVTvnJJ5xbKmIir6NUY9APySszA%2Bi6Ud%2Bx0M6hk%2B4XWcvLr%2FMOOa1jhX1gWK%2BIjwb3W2HdL1AS2RTsvxW%2B558kwZPqjIz61%2BQD0S2Hxg7W%2FmiIkFfqKCIBjCV9F6BH%2B9Tcc9m0HkFGpCa%2FBz3j7kAFy27nZwRQuXoyLy3oeqN%2BOzlLg3MRDHnax8fk%2FZZL3UFyKXUIqOb217hGpcJ31HVac3lpsKpQ2OC%2F6TNEIg3u5%7Ctkp%3ABk9SR-i2wJawYg
July-07/23/23-2023,"Apple MacBook Air 13in (256GB SSD, M1, 8GB) Laptop - Rose Gold",370.0,https://www.ebay.com/itm/354928627991?epid=6042422516&hash=item52a3651117:g:Xg4AAOSwyrpkuXTQ&amdata=enc%3AAQAIAAAAwMQwYtlZA6q4ZXSyiGE6b42TjJDo0vwCXVolPhvzqKWtymHZGAsAmlJwkYpLUI5F7hJ%2FFbUR9u%2F6%2BkxLru6s93cWZMdQFlgMdmZhDIZCeTEyqFv6AX0z1y5y1Udvzncr9Xl%2FKFfNsS%2BHFCYgKNC5dqSQtd27r0iv4aXl2LDiaE9%2FwgX8z3nKKtBhRTo%2BCUs9emv8LFJvrZmq33dSxsK9LBP9Zu07usYorBd%2BI9wgaUBr0dfz7%2BAiW0rgH7irexPGOA%3D%3D%7Ctkp%3ABk9SR-q2wJawYg
July-07/23/23-2023,"Apple MacBook Air 13.3"" M1 w/ 8GB RAM 256GB SSD Space Gray MGN63LL/A 2020 Model",371.7,https://www.ebay.com/itm/305029812710?epid=15042414801&hash=item47053191e6:g:RdAAAOSwUFpktetD&amdata=enc%3AAQAIAAAAwDnj%2BGkGFbnrRvxBocm7nehg41BseP8WivB3S5LvPVv57x8Dn9MWPbtr1oPuMZDP%2BNW7xRMK2Z04G7%2BIyAqXHiIfBSBkaLRzxTpoP0EOaX6bvDpO19l9WWn%2BGEyoEvu3gkP%2B91%2B7rcOsPadlVrSpS8GPAcNKeIwK4FfpbY1KlbZpt9vP5HA33TXux0tzjW3r7vRpPL%2BLYX%2BXP9Pt6hbzoMTpL3a8jDyC%2FyPYhjT05u3ELrbFPLKCbMUWa13jursG6Q%3D%3D%7Ctkp%3ABk9SR-q2wJawYg
July-07/23/23-2023,"New ListingApple MacBook Air 13in (256GB SSD, M1, 8GB) Laptop - Space Gray - MGN63LL/A...",375.0,https://www.ebay.com/itm/145203457653?epid=15042414801&hash=item21ceccee75:g:So8AAOSw4eZku-Sx&amdata=enc%3AAQAIAAAA4Pytm1m8z9lnXITXhfQpsGIp%2F8R6BNPbYVrOh6eu9QPJbG6G%2BKK5tzK9XmOZS6%2Fa8iE9rMRKaop4XPJ3WQ3Xikaqwz5AJBLCZcztAdFX4gNA20xSoASHlQExnfhtxcga8W6uR40z8mN65H8wx9ZK2i3mz2EaKuudksteOOKSe6dvatlC526gFY6VK0ev9WiuRdciUdoA99P7ElUKaNKKrPW%2FkHsHDyxKINJaqMkDh7GWLQgFICqT80sronZUjAIONVoRSoNrqurZ4H7UnwUQ7%2B8nj4JLyOivXODMawtiiPwP%7Ctkp%3ABk9SR-a2wJawYg
July-07/23/23-2023,New ListingMacBook Air 13in M1 2020 8GB 256GB SILVER,375.0,https://www.ebay.com/itm/314724614769?hash=item49470c8271:g:poAAAOSws3hkubZj&amdata=enc%3AAQAIAAAAwBQEs6xCEJA4AVJtRqbA2cCaRfKbqZOiSap6i%2FJWLeCXEa9nCoupzSXIpJknkX43qLoqVsZ1JtKKjujPQw2H0s8CBYyhB30B5vjphW3IM%2BGdkMrghcySlDdmCiJwE9kgvPS3PK4uPYPNPBeCt3TkGpbUFrUOjaL3khORzGB3BoV21KHxlVrx3kR6B2M6CPFCAGOjWBf%2FAaIxPxh24b%2BHDQ33Zm6UnW8EqeH6KhfZzFCDKNdlA%2FdH%2FiffJjh%2Buzq7hQ%3D%3D%7Ctkp%3ABk9SR-i2wJawYg
July-07/23/23-2023,Macbook air m1 2020 8gb 256gb Great Condition,385.0,https://www.ebay.com/itm/275952792647?hash=item4040117447:g:eoIAAOSwAkdktEl2&amdata=enc%3AAQAIAAAA4DB95LN92WfVSf5K3ZQwalfAeudXJ4r3SaWfCW44RFQ8DzfymQpg0gLzaqv54QNRotjhWqJ1i2o1Uv4ZSaeLpj6rM6si77eGLrWM5QRo5UZnXi1tB%2BN1kpKy4tyeAfTG%2BXtfQOy%2F5fHHaZrssXeIaa85x9haJ%2FRboUQVG50qVsVHp%2FMyB3oFezWXsz1HAQ6JsET7gFZDMBLC0rtLI2DO6Ylrkt4Hw9tC6AG7uZJokmL9ulGWXFeAxzf0eYw2E9etesKD3M0nti%2FpuFplwmj4V3QmABDkuQQ53oiYfGV4yNWw%7Ctkp%3ABk9SR-a2wJawYg
July-07/23/23-2023,"Apple MacBook Air 13in (256GB SSD, M1, 8GB) Laptop - Space Gray - MGN63LL/A",390.0,https://www.ebay.com/itm/225680429659?hash=item348b9a125b:g:Hk8AAOSwaPBkuBaC&amdata=enc%3AAQAIAAAA4GRbBemapbkEwJekpLBiSNZi80YfwB0OBTXxfeTcDh%2FLWYeJ9UjKt%2BqdQl8ADLk7NmGIWkCdpaefrbqGlG4ad3UnFeHSSm1JPLir%2F43U47OdyITFxqNIeouza%2B%2B89XLi%2Bf1dmumt6Xb%2B6hhkJdYFLv04dpi%2B9IRJHiU4CdZp6PK3D8vztaHMRhWWCktwHaQ0Dw2rQ7M9GrBLw1PltyAgBu%2F5nEQsOxSQcfNnstHRZ1pNCLKCKZ1Wjx1PwJOZaEH5dXfe6iG0AL9ct8oiCkIg2JFZ8XUGRNV7s5%2Fn4cbQ20XU%7Ctkp%3ABk9SR-a2wJawYg
July-07/23/23-2023,"13"" Apple MacBook Air 512gb SSD 8gb 3.2Ghz i7 TURBO - Monterey - 3 Year WARRANTY",399.0,https://www.ebay.com/itm/234725338124?hash=item36a6b86c0c:g:eWMAAOSw1ipjQES2&amdata=enc%3AAQAIAAAAwJx%2BsHQVczaoUJdt23W5O6FKytyw6sgBEzpBSASf5x3gKAs31EaasBThrEaf%2F3LrGJUVJufnLGbKH5GEpPnNfygGVZOg%2F8sahFG0naTEkWQe1CSpwbV4PjmgUokhh2uVhlyDBrWfli5BnJ2SIsbKk4KcS0qJ4Ai9FambzUs%2FscXpni7H9dxji3%2FwgjGcpIdjPQgNYy4m0D13hLgBsC7zsr8aTIw1gpJZjrXHYpCzzogOGokzYrsc%2BNcXO%2B45G0qUVg%3D%3D%7Ctkp%3ABlBMUOS2wJawYg
July-07/23/23-2023,"2020 Spanish - MacBook Air 13"" MGNA3LL/A M1 3.2GHz/8GB/512GB/8-Core GPU - Good",420.0,https://www.ebay.com/itm/354912225611?hash=item52a26ac94b:g:MR8AAOSwIstksCnY
July-07/23/23-2023,"2020 Spanish - MacBook Air 13"" MGNA3LL/A M1 3.2GHz/8GB/512GB/8-Core GPU - Good",420.0,https://www.ebay.com/itm/354912225611?hash=item52a26ac94b:g:MR8AAOSwIstksCnY&amdata=enc%3AAQAIAAAA4FfEVJiRs0k5XCb0RS7WH%2Fme0%2FMN1810lbEH2ZFRQ2uGWbcd3CqGksClyUdOcokivJFcrDdTj66BrydYM3lEgCyEnuV7OoemGXBQKXLfJzWCwF2GWT022UINf24EbNdI%2Fkrp2Ip00NJFUbM50AwKfNEhbs0fSf%2BO0Ba0EFmpWJAJKMyIwTp5nsy1Vj18QfvdLlAlfiLPORMaYeaRjAUfFYuuPlwChGBdRFxa1Ya5BlOhj28va87OoGLLMpc3f%2Fh853o8%2FV6w%2F%2F%2FjW30CC8xkLGLoQxqYhAhhWpi1L87qdx9K%7Ctkp%3ABk9SR-a2wJawYg
July-07/23/23-2023,"Apple MacBook Air 13in (512GB SSD, M1, 8GB) Laptop - Gold - MGNE3LL/A",445.0,https://www.ebay.com/itm/185990314172?epid=19042413524&hash=item2b4de2f8bc:g:p5MAAOSwjOBktChc&amdata=enc%3AAQAIAAAA4MXXPr%2B8zn1kFHoLWT0Wcyf1DJIZ%2BPOy7R%2F6QpRnbAMMPdxy23nO%2B71FYnl1ta%2BD4KjEbzGfcPSphOBIR3Pi%2BSgmD4yc%2B8nJT%2FVBfUIJBK8sUM9mid%2FkcOLT1DAu7EdBXzI%2B0btVYPoSsRV7LCbqYFbO05q54QV%2FLaZPw5ms9s%2FMIJXhZNTGS%2B4638BiD5hmIZlvhRr7%2FzMz3TBYHj6wrdgqA38Y1jm8a%2BBN4l4Xl3ldU%2FN0xKJK1yrDsSG0W1nFnEXvMVr1tgVGgfhPrVE%2B8W1d47HOFdX1Gz8zbqJQBP8A%7Ctkp%3ABk9SR-i2wJawYg
July-07/23/23-2023,"Apple MacBook Air 13in (512GB SSD, M1, 8GB) Laptop - Space Gray - MGN63LL/A...",480.0,https://www.ebay.com/itm/364354422226?hash=item54d53745d2:g:ls4AAOSwjoBktCxR&amdata=enc%3AAQAIAAAAwKQYH0aEGz4GB6CnJqcyDQwqn7F%2Fb9xP0eqrUJlpQxcuA1wcyBsLjAJX4aucPQRD%2FdX3dw%2FH3JUB3NktwXtaH4n5lcnXgTjt9ImRU%2FC72mBDotfEeJGDOKXNNw3R2xq0yzvvXZ6lCi0uNTT3NJwPaz6SpnlerPVBFMp22ZukvjKDl5JEyRsby4Z5wRXikkwfjcX3JLLD2SqnPWxoaLZ7tS4u%2B1vNPPPFOC2YPmJBawFRYRLd4a%2F4N2JAb9qCl5qqwA%3D%3D%7Ctkp%3ABk9SR-i2wJawYg
July-07/23/23-2023,"Apple MacBook Air 13""  A2337 Late 2020 Model (512GB SSD, Apple M1,  8GB RAM)",495.0,https://www.ebay.com/itm/126016769541?epid=27046089876&hash=item1d572f4e05:g:T~cAAOSw879ktEGf&amdata=enc%3AAQAIAAAAwHZa4x%2Fxg9Pny%2FDooJ4M74vorPOqNVaG%2F82fsHx0sOXMoA5Gzw2NTQ2k7%2B%2Bx1pSU1QOyIG%2FYFymnnXS%2Fc9KdpbsD63mQ%2BeFktXQqUUP8wjw%2BUQwYHRB9TUlwhGDLbjW7AJCMyhJU4vfvNkbNKgFD8Py5XldfunO33y2ITML8bOm%2FD98ZOJT9CspUFQOmJLr3cagMVkKPtLksAmTGKs71ByO1tWnxwrbxC8NvZJVzx3Ax9gN9zRQYWkNpddX3SSgzUg%3D%3D%7Ctkp%3ABk9SR-i2wJawYg
July-07/23/23-2023,"New ListingApple MacBook Air 13.3"" (256GB SSD, M1 8-Core, 16GB) Laptop - Space Gray -...",495.0,https://www.ebay.com/itm/325741284155?epid=2318376122&hash=item4bd7b18b3b:g:~doAAOSwliNkn1ZT&amdata=enc%3AAQAIAAAAwPCjPQa0hO5GZcXi0deVHnkg1DabJ4gB2datFbKg81JlK%2Bkzj4vm5BkzzJr0f0I26IOncypPA2Sq%2B11UF%2F9YBPAgfClvqMDyDOTm%2Fwt6%2F0NJQH8EWqJ1KeD%2BohPqqa9HyR65J1DQ0SKwAlxlnPkbBZWGvAmuLj%2BREVhGDmVCXDY7%2FTpciBzfsUSxYi1K%2Bxdb%2BEj%2FXfuGZxxIYXCxCyChO8MUX5uaZagr4F0CVC3ccp2RuZlGN%2FYyN62iwHbSN%2FAmFg%3D%3D%7Ctkp%3ABk9SR-q2wJawYg
July-07/23/23-2023,"New ListingApple MacBook Air 13in (256GB SSD, M1, 8GB) Space Gray - MGN63LL/A - Excellent",499.0,https://www.ebay.com/itm/225686435330?hash=item348bf5b602:g:yAAAAOSwC1RkrKLo&amdata=enc%3AAQAIAAAAwESAZKfmawP6VU5ey6wzx6iQ4TKBSFxkCaDhMLQb5cDj%2B0i0XRw65j%2F7fTU1VVaF8MSc8outOjflx3mvoKYKgQOpr7LB%2FKbat8k4l7mh4J%2FlxAQ%2BvipQlC%2BEDNe%2FN%2BcR4eNIn2K5xE1CFvG2Ax6avvDBrK5c%2FD3ebCaHaztp%2Fh9X7Kgd42NmP3HS0w73DFBJYilYsROLCifSugCvR6h8FN4%2FYKUHn3rBszzOiyi0pGxo9M2yAwsfjoJgSDywoyo95A%3D%3D%7Ctkp%3ABk9SR-a2wJawYg
July-07/23/23-2023,Apple macbook Air 2020 M1 8GB 256GB SSD Rose Gold GREAT BATTERY!,510.0,https://www.ebay.com/itm/175824888214?hash=item28effae196:g:2ewAAOSwnSNkqhxC&amdata=enc%3AAQAIAAAA4Bmf8z3Wh6A9y4mVJ8MXXHZyk0uXWotaP6g9QsFSxesSrDBE%2FbG7KwwWMpieMBo9MTxjd5OdULBJ5yjcd1pN3UAI7lSsK67LRL%2B060KsXMTV8v3Plf9QYfRDTiEOIxcSz%2FxVSPuG5QF6hVvXrUOn%2BvTLul%2Bzk1hFwVxyxOxk%2B1DJn0EzwGjUWFTNRrPWRvIjZqK4%2BAu3TPgQAMmqGqJUtv0TnrqxEMRJOwYX5awnH4gH0ut8R1ap5W%2FYRUPxKG9m3Sm1GsHXjfkUps6xNhKbKaddq%2Bm93G7Jndw2HKYcarfb%7Ctkp%3ABk9SR-a2wJawYg
July-07/23/23-2023,"Apple MacBook Air 13in (512GB SSD, M1, 8GB) Laptop - Space Gray",512.0,https://www.ebay.com/itm/166232944602?hash=item26b4416fda:g:n-gAAOSwVKtkqb3a&amdata=enc%3AAQAIAAAAwCO08XUIj78Bnxa3ngs1aTqrwwTtr7HxSBaC6lmiP3MW0T7RQwLQT3yvxmlAovGRFtdNVKeYiW6HgwKIWEuZ7jHyv4aBP4mkHNy9ulS%2BN45FWQmcXZwquTqYd81cKJP5b2e650w7tr%2FXFR13mNGhc9ljTISHna5q0inPDc%2FM7F8udbINPNh%2FnzC4TEvlETB1VykJXxLDf63N6ljJnP6wLub%2BM7vovnL6rJCNdFqtLAPUYFif98vy8jRIe3uovAsX%2BA%3D%3D%7Ctkp%3ABk9SR-i2wJawYg
July-07/23/23-2023,2020 Apple MacBook Air 13'' M1 3.2GHz 8GB 256GB SSD A2337 MGN63LL/A Space Gray,520.0,https://www.ebay.com/itm/204402357477?epid=9055828714&hash=item2f975474e5:g:mv0AAOSwuTtkuGmm&amdata=enc%3AAQAIAAAAwPmoJ%2BJg4g8p2R8VmX%2BpKGQX2%2FeOSlyakg7%2F1H2An8n%2B88ktEecIMTnl2JdZZo1aP%2Bk%2BYateTm8LTZxroCGUsptkkOiZFkyKzIdzgaTdEIbmFJrggeIbjJ2gtKO%2FuMut7ychTh3uQUC5knbZ6FRN1zqsSbGKsujdvRHiyu1tcuqpK0i8c38rFYVuRh0Siwt9azjFE34veVqOXiz4nIUWydi6AtTl8PH%2FAUk0c0XjICU9zWlfQCgDR6YA8%2FFoIHe%2Bbw%3D%3D%7Ctkp%3ABk9SR-a2wJawYg
July-07/23/23-2023,"Apple MacBook Air MGND3LL/A 13.3"" FHD 8GB RAM 256GB SSD M1 3.2GHz 2020 Rose Gold",529.99,https://www.ebay.com/itm/195536277793?epid=6042422516&hash=item2d86ded121:g:nLYAAOSwduRghCXR&amdata=enc%3AAQAIAAAAwC%2Boa0%2F0gLYqduixUms7UnoDHvNezwXxA1mCdizB7HFBDdErxKoPEIBEsg1mEQ74kMDD0swwLYRvENFYi081%2B58lhwNXaDmNM968E950Y%2Fu2ew%2BVPzg%2FfrZkatLJI6TEZZnWbRcLrxil03VvrAUjQ5M04FTsvccH1x%2BT9IQ82WDgeUvPt13%2Bm3adQ%2BkDPUr%2BNc0SSK8GbmjWIaNRFP3bmn3lqvJ9gIUy2wIPcRqPevGY8fjfVM%2BJeXM6J7X1tkQrTQ%3D%3D%7Ctkp%3ABk9SR-i2wJawYg
July-07/23/23-2023,"Apple MacBook Air M1 3.2Ghz 8Gb 256Gb SSD 13.3"" Laptop MGN63LL/A",540.0,https://www.ebay.com/itm/256143590633?hash=item3ba35904e9:g:keMAAOSwXIhktCH5&amdata=enc%3AAQAIAAAAwBQY6gUGC0sXlqcI9unAmh1NM0Jxg9bdHmrI6m%2FhV1yTSRtyB4d%2FPASR62GBC1MW6SiupF0hgaxPKyD5KeHOl5wu5LjKgs3EEhBNSixwS%2BXpjkjmooz2E78zi%2FlmKo20mu%2FJG8oa9CusJaj1SHX%2FbjZMR9VF27tkoZKD1T57rrLCoLhxgTVlOJ0X65mskMGadapbcFQzMcXde%2BukHAKx5lJIBCnjoPH19GG5BhLPZJ1gY26KuDMwBq9BEnIRKmnzwg%3D%3D%7Ctkp%3ABk9SR-a2wJawYg
July-07/23/23-2023,"2020 Apple MacBook Air 13"" Gray | 1.1GHz i3 8GB 256GB SSD - Very Good",544.99,https://www.ebay.com/itm/134215218264?epid=11051932149&hash=item1f3fd9b458:g:gUoAAOSwR21gyQ7O&amdata=enc%3AAQAIAAAAwKSPGJsCRPWpQHyB9SQEM9iOd4ytR%2BfkAaa0npMCdcg1011jA0bAUcOXVpAP72lVr4Okh48RGtFNu4otbP2dWyBSKfX%2B8ZtxS1tY6Yw8WCtF412EPfV8EetaulG3H%2BoupfTlv2c%2BHnJHoT9G3vV106VZCgBqVYClpKPO2P6o2WdZP29pVrbEu88oIOLi18i2dhdLJFiLb2YorujuyrIwr4iaYJoK2GS8oKKIr4BRRjR%2FDjHWoZWsrdznmIMfnVoeEQ%3D%3D%7Ctkp%3ABlBMUOS2wJawYg
July-07/23/23-2023,"Apple MacBook Air 13.3"" M1 8GB 128GB SSD (Late 2020) Fully Functional no locks",549.99,https://www.ebay.com/itm/225201579681?epid=24054667033&hash=item346f0f66a1:g:flgAAOSw2eNjNwM5&amdata=enc%3AAQAIAAAA4AmVGt6QwO3smQmSjJuy4XyRzHckXWuJQlderoO3wvRyS3ZIcSWVH5cNOtHKFvlN%2FDX8JDejBeDSAC6Ea35a6G2hzwb5%2BnM22OV4pklzErN3ZZXpiWy8mSPQsyaqWGAkQROT258QctDuH%2BiQFuTBhc4EMdH4fM6VZpoZ6DOsW4WnEo2kjzk2gvEcvdA5nV%2Fq2lpCL9QuqEkzYs%2FY5UpylVe7WzrwFsHHbaKxVEny9ezZRGpKQ4%2FL2Kb4VqylaFvWqfcDt0cCWo6rIwDjq%2BWb%2FP7iBn909%2BcHtwLm1jJOHlXC%7Ctkp%3ABFBM6LbAlrBi
July-07/23/23-2023,"APPLE MACBOOK AIR A2337 M1 2020 13"" 8GB 256GB Grade D",550.0,https://www.ebay.com/itm/225659388265?epid=6051952718&hash=item348a590169:g:T88AAOSw2NJkqGDn&amdata=enc%3AAQAIAAAAwFXrI%2BdXiBhsF5mF5chOSCCbE9XOhMduaNF9gDm8kGeAH1b9oqa%2FqZHyDW1iqgShn7CYSghfqjiVuXIa6l4%2FQQo9%2BwxfNljEkNZXm1WycCAF8tjR%2Fh3W3BrAUmZeIBPUb06GwAlYED2Eq1TSnGTXIvfIW84bEUr6PWhD5KnOrQ9xHFFMSzplcH3CnQ8erSsWVUyjKqlA14X8TH3s%2F4LryLN2jexPs32IlvXYT3oBM1%2FLwOsyV34VouyaSFht1zSJHw%3D%3D%7Ctkp%3ABk9SR-i2wJawYg
July-07/23/23-2023,"Apple MacBook Air 13in (256GB SSD, M1, 8GB) Laptop - Silver - MGN93LL/A - 6412",559.0,https://www.ebay.com/itm/145196110035?epid=21042411802&hash=item21ce5cd0d3:g:I2gAAOSw5Mxkd2Xv&amdata=enc%3AAQAIAAAAwJ%2BdFsj30DJhAxgYn0zzWDNsx%2BWPO4JxqZmfXx5qi0NN37wrSJ3U1FDY5mA5gKcvKiGhO5%2FFZkSMv9xmE%2Bz2GvTcdeTMr77pOMKRnqDgfJGDQLye8LwnmkCPuA7haJAhn780RnvlnOBDYZGa%2BRqvjcW30OzO290YcpwftPnDzICMB82REGaPZjPiMEJfjGuOoAvHxhDe%2Bl3IZ8YyPjVZ%2B8pehDgTye3fia723WnFWOWCZ%2FfROFEUaU7qRBW1oMTHMA%3D%3D%7Ctkp%3ABk9SR-i2wJawYg
July-07/23/23-2023,"Apple MacBook Air 13in (256GB SSD M1, 8GB) Laptop Space Gray MGN63LL/A NEW A2337",559.99,https://www.ebay.com/itm/305034719240?epid=15042414801&hash=item47057c7008:g:TUEAAOSwdR5khm9F&amdata=enc%3AAQAIAAAAwL5uXlob0liy21V%2BlZ3uA4V7tFY4V6IohDqqrP0DScIsYGpM2YUloufU9kM%2FiTUoBgD4WD30X0frTZXQtfqNaPZy1EdJUJlEbQrQz%2FrAX9d9uAF6Ltd4gRr5nkmo%2Bruu8aBzFKn6SvIUU5GrpR3lP%2FXAh%2Blr%2FI%2B5NjFK1nHXf5OR77HBbkDiwLOfX4rIEF7ruFea89UCpNEeATfg4GLVn28lxDZkzLUG81xhh31O80m%2BruDECYUYNdvTkacwyBPoBg%3D%3D%7Ctkp%3ABk9SR-q2wJawYg
July-07/23/23-2023,"New ListingApple MacBook Air 13.3"" 8GB RAM 256GB SSD M1. Photo/shop Included:smiling_face_with_sunglasses::check_mark_button::fire::laptop::fire:",567.79,https://www.ebay.com/itm/325741631282?hash=item4bd7b6d732:g:h-kAAOSwpipku5IX&amdata=enc%3AAQAIAAAA4NTsJTmCMsUvdHz%2BlSGrAd998UoC51z%2BGrmhfaXLE0Kxn5m8W3vcy0fRnqXHQ%2FALDrQegmHONERfeWYg5O1qdJ0%2BTFlO%2BDo3Kcveuyu2%2FMfcfUc6sgYMkaXI0USj0puB25%2BjGqlUx4aCOWo1V7YWdCcBXJIJYJp%2BnoL93L8qc4MNu2rMVi54aiP0QZlD%2FbTyj%2BMb%2FOwGfaNnb%2Bf%2BDzxVgH1MT4cvZhLoIkBKc5apbdAMkqgNuwkRt5BXuWwPI%2FcmFb7LLFDxHNJ%2FR8R0QlZxYbTJ4EaAx%2BD9fXgDGftdtBvL%7Ctkp%3ABFBM5LbAlrBi
July-07/23/23-2023,"Apple MacBook Air MGND3LL/A 13.3"" FHD 8GB RAM 256GB SSD M1 3.2GHz 2020 Rose Gold",569.99,https://www.ebay.com/itm/204326410423?epid=6042422516&hash=item2f92cd98b7:g:nLYAAOSwduRghCXR
July-07/23/23-2023,"New ListingApple MacBook Air 13in (256GB SSD, M1, 8GB) Laptop - Gold - MGND3LL/A (November,",570.0,https://www.ebay.com/itm/354933035391?epid=6042422516&hash=item52a3a8517f:g:aTsAAOSw2sFkvBMp&amdata=enc%3AAQAIAAAA4AgNcuRtxPUDcKEK9gIHLp5xRFWCheOmlUMhbTgCxcAxSREzj13yplV4ihrNhc92h34dSIEywcujowU53Iz3umue3sP1UNUcXCZh6jhIwCRvMLg5ilt4VpnyCRXZldTO1gHhpL8LCqrY%2FASjymFJL%2F3o0WcajYcPtGwMYl56TmTaDWRr0Hbod1ZeZyWSDowJIYS54JrrVccjQl1PyhMwQ3xOmobKsekbhGrNPN8%2FsCD3468qt38YHFhssQWcFlw0MSGZrCsYLaIzJGslIF2w1BUxcSREM%2FacpVQpwAJ17Hhz%7Ctkp%3ABk9SR-q2wJawYg
July-07/23/23-2023,MacBook Air 13 Space Gray 2020 3.2 GHz M1 8-Core CPU 7-Core GPU 8GB 256GB - Good,574.99,https://www.ebay.com/itm/285268511356?hash=item426b540a7c:g:YIEAAOSwcbNkVAtl&amdata=enc%3AAQAIAAAAwJx6XYAI7P%2BzC8NKAdBZ%2Fko2WNXk%2BHDQR3x3ms8wEKkhgNCliCbvSwOI1IDzWPr3e7gTdcVDpFe7i%2B%2FplVRdwmm9lB0Rnbdk2TKlfBVYZ8vTmX%2BqpVmI1CRX5IuP%2FSPGX4hDQtZYT8%2F8mxN2LqUUoNW%2FTtMMPHv91bMgSNv9pUYKpcnV8jZoGOQARNhmcMhlH9HngU0WAM705IttZhkaKsin7OWPOPTcj5iEZbKO05pwswIIFbVTrUyOGVhoFXrOTA%3D%3D%7Ctkp%3ABk9SR-a2wJawYg
July-07/23/23-2023,MacBook Air 13 Space Gray 2020 3.2 GHz M1 8-Core CPU 7-Core GPU 8GB 256GB - Good,574.99,https://www.ebay.com/itm/285268511356?hash=item426b540a7c:g:YIEAAOSwcbNkVAtl
July-07/23/23-2023,"Apple MacBook Air 2020 MGN63LL M1 3.2GHz 8GB RAM 256GB SSD 13.3"" Space Gray ",574.99,https://www.ebay.com/itm/295831269617?epid=9055828714&hash=item44e0eaf0f1:g:zTkAAOSwKfFkuz0o&amdata=enc%3AAQAIAAAAwOFUDqeic5nm6zOuFC98AOFMORHDw16ICOMZm3ULGVn8mEVZAaAUREF4pZ7Yh7hmUykvWE5d9nJdKNFU%2BZMTnOubuE8DiFBGZex1vgR0bnojGaJWTkBO9oB%2Bx65Dr7bzY9a2MC81cIJHflmzMzTZUD%2Bja6xX9t3SsuIxwGr8waOnhgcmPEDoPnBK94eWeN%2BarRSg1u2ldLS9ThF076xs6rx3OlTixoNfFi9UHrdv457SIjGxZdk4KtEAJJMPXYO5Hw%3D%3D%7Ctkp%3ABk9SR-a2wJawYg
July-07/23/23-2023,Apple MacBook Air 2020 M1 Chip - 256GB ,581.0,https://www.ebay.com/itm/145199255572?hash=item21ce8cd014:g:09cAAOSwZ4ZkuNHR&amdata=enc%3AAQAIAAAAwCzHNt5qmHHpuEEMkAFMmFiSzBkBqsRi6umnagPv8Yw4zIX5jFKLuxmoukW7Kt1EX9NiUokvabkl%2FL6hS1K%2FHYVu77Q74i44CR0jNUzP%2FFrwcAmuxydrdfQQZtEGLW%2FqKLeqAFfW525t5fQcX%2FaD7Xcb%2FneGEIC%2Bwsvu4czxDcVbvSKAcNI1wwc9mk8mTjmkHpSV9mJqmH6RiMT0l%2BPzo3wYNU%2BJKSqJtCVVDDm3T7FAY8TbWBaMZ27XtBknMXfacA%3D%3D%7Ctkp%3ABk9SR-a2wJawYg
July-07/23/23-2023,"Apple MacBook Air 13in (256GB SSD, M1, 8GB) Laptop - Space Gray - MGN63LL/A...",599.0,https://www.ebay.com/itm/134656735357?epid=15042414801&hash=item1f5a2ab87d:g:IdIAAOSwaxBktG4c&amdata=enc%3AAQAIAAAAwCudWzfbxPIKLwlF5CsbON3rkpXPa7WPT1p3Tzlhi%2Fc7XR%2BHzDvXqaNMyhTFcwuyGmts%2BO45z%2Fn38HU9skGDXKtbwP5fEs3VvIR2U4mJz1vtGOeHaVyoWQrEgZYWaBijUocVXoda%2FCNWuQWd%2F56t3UX9TJCWbfcrliCFBAcalvtVhVISDAkgCR0kjDHdhCCI3f5gl5%2FfFzz2DlkHI4ZhQSf9x5PJU66XA4X0LgIZ0%2FP4Enlma1kMVZZn0IsEljrCVw%3D%3D%7Ctkp%3ABk9SR-q2wJawYg
July-07/23/23-2023,"New ListingApple MacBook Air 2020 MGN63LL/A  M1 3.2GHz 8GB RAM 256GB SSD 13.3"" ",599.99,https://www.ebay.com/itm/235100154441?epid=24054667033&hash=item36bd0faa49:g:6~sAAOSwJWZkvIyi&amdata=enc%3AAQAIAAAAwK%2B4fZRLunsbdGra8gwgsGGwRYYuHNSASP5zPmrdsXFc9F4aQFIv6NudFfRVV5RvXtnTpOnaKpiUUka6l95Ks9G1g3oGZpCBXoteasNTLcw86jHe06WM4TxsWf6ysCldl2w%2BaYwt4UedJRRSuJVDV7n7sAMw4EJtf2bM%2BTQL8goTBMQfqitF8bK1iMDhx9UogmM%2BlnkTdOtWGqTkc5GBWKkUTsd0aKEWSBGdnFa38W6L4ihAiD5NVv1Cg03GSX%2BwOg%3D%3D%7Ctkp%3ABk9SR-a2wJawYg
July-07/23/23-2023,Apple MacBook Air M1 2020 256GB SSD 8GB RAM Rose Gold MGND3LL/A,599.99,https://www.ebay.com/itm/266279435560?epid=6042422516&hash=item3dff7dbd28:g:4VwAAOSwBgRkd6w5&amdata=enc%3AAQAIAAAA4EzJ%2B4olzS5BkBtvlN%2BpEMOpUccal5IbVWU6Nymdda6pcw61A12YyRA8McX1oq82Jzm%2FIlCWFuX%2FVsPsZseTZ6fn6pgdMImnBLxTLH%2FDJijl%2FJ55rbk9o%2FyZG5eSRDpTbcO4os76%2Bwq0JMV%2BOOZSeG9wnSnpBGURZgc5A8J9GNKQscO%2FTyhX084Xyjxk9nPYDiqRt1lhBnc0JTj6sDe2kC6Gkv5MX%2BbeI%2FnNyJ0MNlhajsltTYpoNaLeagKwtLwMpzSlQYrpm96xpNvgUgHrB6PMKZYqy%2BmrcwfyiOLhUswx%7Ctkp%3ABk9SR-q2wJawYg
July-07/23/23-2023,2020 MacBook Air APPLE M1 8 GB RAM 256 GB,600.0,https://www.ebay.com/itm/285394247420?hash=item4272d29efc:g:bj0AAOSwPBRksHqc&amdata=enc%3AAQAIAAAA4Coems9VhnB2ad9Vp1F2rwjLfj883KuP8cSISnIi5Po6kPrwhRAl%2FRKc1chj3lCAT%2BEMHrdPy978hNSTpcnUrs0TkraHIxn3UsOj9Q8m3ZHEyiUcs29TX72RZCLW8Um%2BQXjniN3dbvNbEuNEE7%2BNcUnhIWYVXiCqit%2FTyL9DMfgeAuzEPUUxmnL%2B5RxLHcTP5D73zawLZif7S01xsfZ4QqPy4%2BQ8EkWE6ngHLBA56XdsC%2FgyUwLWAJkWFail%2F8PNhlPOW1DsKGAEOmgbjTts5h0Lh5XG3lz7YkrStgdK5wql%7Ctkp%3ABk9SR-q2wJawYg
July-07/23/23-2023,"Apple MacBook Air 13in (256GB SSD, M1, 8GB) Laptop - Space Gray - MGN63LL/A...",620.0,https://www.ebay.com/itm/325735282850?epid=2327306002&hash=item4bd755f8a2:g:zlsAAOSwOwdktaKb&amdata=enc%3AAQAIAAAA4Cw2ZjIfIhLRRQtpEU7S4%2BFdJ5vI0cK1zOBQltaEq3bKxtCkE3SeRHJl8HBhM6pLSl1fKeQh8YMxY5dp%2FqyD9%2FmdWKCnz%2BwDknzjLEak0MNuFobx7bwX%2F0hWamGtxVBkN1pxYz9O3tk%2BKDYDp%2FZXT8V0flnm%2BOkYi09%2FMIO3HhlwN1UDh1EZcvSZ3brtWFngF3l%2BnPyAne1QOdnEvWyMBuJlMjO0a0%2BW5JVAUT8F%2FC26H2UpALAIA2eoFNxLuEL5HA3jqb4i%2BEs7CPZKKttnTTeVkWvZ82KDWs7uu6h53mr%2B%7Ctkp%3ABFBM6LbAlrBi
July-07/23/23-2023,MacBook Air 13 Space Gray 2020 3.2 GHz M1 8-Core CPU 7-Core GPU 8GB 256GB,639.99,https://www.ebay.com/itm/275829984795?hash=item4038bf8e1b:g:418AAOSw4-tkUVA7
July-07/23/23-2023,MacBook Air 13 Space Gray 2020 3.2 GHz M1 8-Core CPU 7-Core GPU 8GB 256GB,639.99,https://www.ebay.com/itm/275829984795?hash=item4038bf8e1b:g:418AAOSw4-tkUVA7&amdata=enc%3AAQAIAAAA4CYIMniYQA8JZf8WfQlZmMrv9QKcUaMUe1401rHpHRhisPywdagynL%2BVB4q6%2Fb4LpViFoftB2XBY3GtClDKGOUpcP7yNuc5gxij9YdCVIhrnbOzeq6tZmiQRdrlzc7F0unvM9e9IonYDwNYsxsnqgkqPwsHtaBoRT3EZk%2BSTyjjxPfleXp3juH8N4rDzChwqrDo3MeHVj98TRIMb6wZ3wYv5BvyIy%2B2gc0EjY26P0CPo9vvU5OAQhIKvly4w79Cbzv8TiQwqvpvAMgrFNNCQgDBN76eZ56n9JqcT%2FAFk4uMh%7Ctkp%3ABFBM7LbAlrBi
July-07/23/23-2023,"13.3"" Macbook Air, MGND3LL/A, Apple M1 3.2GHz, 8GB, 256GB SSD, AppleCare+ 2025",644.95,https://www.ebay.com/itm/115859777278?hash=item1af9c7e6fe:g:eO8AAOSwpkJksYOA
July-07/23/23-2023,New Listing:collision:OPEN BOX:collision:APPLE MACBOOK AIR 2020 256GB SSD -  M1 Chip - 8GB -  MGND3LL/A A2337,649.0,https://www.ebay.com/itm/175831088629?epid=6042422516&hash=item28f0597df5:g:~sgAAOSwwvVkvI0s&amdata=enc%3AAQAIAAAA4GW8EEONQGwVJCiJKMN2ADYqSEJtItZZLlzp%2BGqpPIZMPdMxvQbEPKjtFy61c2NzoVq5QKA8eibYJYykto3F12IMSIZGBHVBjXXAnAclY7Vx9vR9DgKuxZz%2B9kij%2B1vKIUMYh2YwrL%2FJaLX5NyVjoOQFiS9KmOn8jpU7mqNUnTlQ9fbAyNkCd36%2BlTsA%2FMqPRfymCdc8KUHo2%2BEiSE9aQHRi5eSMRpvDelPFB%2BjVSICd6n5dP4jbuK9v7HkUaW9ufrnXclcd5z%2FJfTNt5Rkr5%2FDz1gZXEerYRt8qZD5680h8%7Ctkp%3ABk9SR-i2wJawYg
July-07/23/23-2023,"Apple MacBook Air 13in (512GB SSD, M1, 8GB) Laptop - Space Gray - MGN73LL/A...",650.0,https://www.ebay.com/itm/166221094764?epid=21042411786&hash=item26b38c9f6c:g:LfQAAOSw-sVkrGbA&amdata=enc%3AAQAIAAAA4J52aZGEqz%2BHRJ%2F6ko%2BHTtrpFqNTA5MsHj4qOoC79R%2B7Pu4F%2BeUZ1a1ZiqCFcFwNvLdOP27EuJ0OwgG6eC6CQkT%2BHSiATBDlZBfkYdHCN7huvc6OxXx3MUjXQgQvLrtnDMxTfg7Nicztf24PJqByUfj36ymEe419iXvzBU1kNjp%2BZwCCrmHOEg4%2BSikQLUfp4CO0DEyM9fX8s2zYZiXxX8G67asgdE3rTevTOkr%2Fx%2BFysy3klSn3dd2zERBKmxAy7jlgEAwyhJr%2FWF4OjrjL3vEa7PuSUCdLgO0321KypQq0%7Ctkp%3ABFBM5rbAlrBi
July-07/23/23-2023,"New ListingApple MacBook Air 13in (256GB SSD, M1, 8GB) Laptop - Space Gray - MGN63LL/A...",650.0,https://www.ebay.com/itm/166241906494?epid=15042414801&hash=item26b4ca2f3e:g:-REAAOSwSQFkvGOo&amdata=enc%3AAQAIAAAA4NjuUyvjMj%2Fj94grJopVSWq9S8rsv2DIecpg%2BMxnzT5V7eKAmAqPvwxIdttgsLMjtgDmOJit6SVpi1lNYYxoETsmbEPDOu%2F0Owk3IZPNw2FdrR%2BXRlqc240YhRFFWmXszhzYjEorHw6dV0swFxchUSWnLFq%2BiBJaRkjdpzyx9LVhnp0v0i3zYefUis350HjxooaWCfIjhthB7YTfoLPRB%2F1DlAP05G4MlaRCZPum1%2B0zssqf5Fk9wmih5gQdbuNQ%2BVNkbRoJrO%2FoHFcWilQLMNNPOtRquv%2B9uGV5r4p85047%7Ctkp%3ABFBM5rbAlrBi
July-07/23/23-2023,"Apple MacBook Air 13in (256GB SSD, M1, 8GB) Laptop - Space Gray - MGN63LL/A...",650.0,https://www.ebay.com/itm/354929483461?epid=15042414801&hash=item52a3721ec5:g:ILIAAOSw4AxkugDB&amdata=enc%3AAQAIAAAA4IWg%2BJ%2BSvysmGoYpgDEPAr1IRafCFce6696zIvwfN%2BnLTgfRqq2QT5tOosFL6eAewmvZnU1ngSS3XW%2BH1AJWhdApG%2BzOYwWxZ7Njlw58XTJ%2BppqHRSM38ACZ5Oyg%2FBg5%2BuuXttglr3HiYcRiKNJIDF2jVef4AVT1cdbQMAU7ed4Wvvyk96p1Ps7XKYjpBEIkUEQd13F2n6wdm39UOvrslsiyFgPPerCo7r93rIX1cx0UiHgh6n0QOKqkrYFtlrjHc%2BpBouav5OsIkOqgCHXH26ngpPGDBZ%2FzR4mOYmCFGsEg%7Ctkp%3ABFBM6LbAlrBi
July-07/23/23-2023,"MacBook Air 13.3"", M1 Chip, 8-Core CPU and 7-Core GPU, 16GB Ram, 512GB Drive",650.0,https://www.ebay.com/itm/126019188536?hash=item1d57543738:g:FTYAAOSwZIhktp7o&amdata=enc%3AAQAIAAAAwN1riXvw%2F%2FRTiL2Le%2FuQ7XTHbTjqwpsv64t0YoJMHP1MrC6LbmL%2Fl7p6s28fKVlhyqZPS%2BR%2BZu1yQggFjBblsDaAuYyT6A%2Fg63pbcZVTelOjwrP0mZSFI32lgLmRcCrgZCxBlGOewAS%2F4ehZKTufWkWu75tLZ8uC1qCojPO5P6tDKFqsp6te%2BXnbnThYS9SuiNFCe05pLt6ysry%2FqCp345E9T42LeQyZLOvVET3LvtkZJY3XXMsRozzQL1x2PpQaag%3D%3D%7Ctkp%3ABk9SR-i2wJawYg
July-07/23/23-2023,"M1 MacBook Air (16 GB RAM, 512 GB SSD, 13.3"" screen)",660.0,https://www.ebay.com/itm/256143898116?hash=item3ba35db604:g:gdYAAOSwZGRktG1V&amdata=enc%3AAQAIAAAA4B%2B%2BCAaoIEzGZ%2BPbm%2FQMmKQfSkWWsuEtVa22w1km%2B0AkNZ95Djay5lLMyNofbH1d5gBDX29mVZqYCNuZiTvyBlO5IUKHWu80tTGnjjAQztmkGQY2pnxdrBJ72o4lEGv9pouISw4%2Fyj7nBSzjPxqE%2FwQN2FqKmVeutUzm%2Ff7GuUBudeTJyUgPoMYsUEge6XwIZBX8fZnGfe4DVUgyKVgpvVP8JToOCg76Y4CqMttkBetvp7SO1iybJ0fuAAPlPpUJpQkhM12A3RjKpNN8xyvikkwC2aTZZrYAPspcfmY8w7kQ%7Ctkp%3ABk9SR-q2wJawYg
July-07/23/23-2023,"2020 Apple MacBook Air 13.3"" Laptop (Apple M1/8GB RAM/256GB Storage/MacOS/Gray)",669.0,https://www.ebay.com/itm/265579938060?hash=item3dd5cc410c:g:swcAAOSwKNtksQtD&amdata=enc%3AAQAIAAAAwL65I8UGUPf7z99S6jaqnN6M3fKdHEsaT9Pj%2BrxQC2agfR5%2F3ThtbFfS5%2BE9DOYwlaiT7DQrrBkKTeuANNL561zaDzJjoX82%2FJXDm6d%2BkRjP58CKzXCOYJk7V0M4mkBdM2eNLHvaRuOpGL1uRPatv05n6H74C%2FDphCRIvMpCRxwpgmq1maQdT%2BXxBWrUFt9KSH6Y9dtOfgAIiUmegp9%2BTQcdyDj5XNlsDCGRmAet537bGLJziDoEw2hnJcAv%2Fpyj8g%3D%3D%7Ctkp%3ABk9SR-q2wJawYg
July-07/23/23-2023,"2020 Russian - MacBook Air 13"" MGN73LLA M1 w/3.2GHz/16GB/512GB/8-Core GPU - Good",670.0,https://www.ebay.com/itm/354912225208?hash=item52a26ac7b8:g:YMwAAOSwGEZksCmv
July-07/23/23-2023,"2020 Apple MacBook Air 13in (512GB SSD, M1, 8GB) Laptop - Space Gray - MGN73LL/A",689.95,https://www.ebay.com/itm/256150432472?epid=21042411786&hash=item3ba3c16ad8:g:gLIAAOSwU9tkteqf&amdata=enc%3AAQAIAAAAwFBPWZH9r3glOs6M7cr0irI32rScJrK%2BqawqBHhpjG%2Ftb1XZ8tDalhUo6KZGEojxi7qid5aFLN8tsEGxlHt2aeL9Z3eWb2YrQ8f9IowiGwEbQifkPYEpIsgoJVwW4tluAFbo7y56KIXHzJjQEFmf%2F8CJZwg7q61NpdfVw1ZEGLHpAwQ7y9nRlyIr0GV6Kp97PzF5o4QZFLdS1pvVPUEnC6uZK0fmmQrdblbPTcdbjfksLpwqwr4tWnZGu%2FMF%2FuGq%2Bg%3D%3D%7Ctkp%3ABk9SR-i2wJawYg
July-07/23/23-2023,"Apple Macbook Air 13.3"" M1 Chip 8GB 256GB Space Gray MGN63LL/A 2020 Model",699.0,https://www.ebay.com/itm/363224918564?epid=15042414801&hash=item5491e46a24:g:q0wAAOSw21pf3Au5:sc:ShippingMethodExpress!55044!US!-1&amdata=enc%3AAQAIAAAAwJLYv%2BEC6gNzr6zqPM3fFeetWUjbrm8gZhzSwLoKW6TYgV9HWNC72Rls1wJrp%2BlDpwfrhEEyI01b0valAR18jjDjVj6n4h0gg7F3znenov5rS9mnCMlkpxDpU7fi6lCG0444Z9wBnyWEhHCT%2B%2BGOfczlIRkrRDG85c39Ho3CkA1S2%2FdOjXKBjpvBpCy3atYDqWNEVZO5eHCf5vHz4dmB3XNNIxWNwgI9MWS52NNdkq2wCfNd75Ej0CcGbctF20E1tw%3D%3D%7Ctkp%3ABk9SR-S2wJawYg
July-07/23/23-2023,"Apple MacBook Air 13.3"" M1 Chip 2020 Model 8GB 256GB - Excellent ~ Open Box ~",699.95,https://www.ebay.com/itm/266212448419?hash=item3dfb7f98a3:g:nd4AAOSwsUJiDtme
July-07/23/23-2023,"Apple MacBook Air 13.3"" (256GB SSD, M1 8-Core, 16GB) Laptop - Space Gray)",699.99,https://www.ebay.com/itm/115865055369?epid=2318376122&hash=item1afa187089:g:zfcAAOSwKuBktiHb&amdata=enc%3AAQAIAAAA4CDX6hj7SQXdjuJz7S9C0EQjbZ0qDSV9xVpPv7N00hePi9q6C7yEGUFIg%2Ffxnk%2BqFqsk10mBeqeKBcfIpp4Me%2B8xGHw1XEt3nSj7%2FdSfuwoN9LdhQojpWZ5WyC1DQMtDRfi8bE5eOnwKS3B1RMOeDQ5CI05PN0dm1jU5asQgViHlGZ8BnzVXG57FSCAvhqH6mj0f14hZlNN4pUsheZBgnx5VQzqg1bhRpCkGobPM%2BdZXRmBRgKGBNzTjB%2F7CDcV6lC1JoOugTHfp7Li0csgjmWkGUH%2FI0HsXciq5DT8o6cMc%7Ctkp%3ABFBM5rbAlrBi
July-07/23/23-2023,"Apple MacBook Air 13in (256GB SSD, M1, 8GB) Laptop - Space Gray",699.99,https://www.ebay.com/itm/256061846692?epid=15042414801&hash=item3b9e79b4a4:g:O6oAAOSwE15kWeM2&amdata=enc%3AAQAIAAAA4JaW9I%2BbohH08TywUbmLacDgQAJW4JK%2FH%2FW%2B0zcIsxQP7h1QoNA2eWu%2BkZ7z6qElxlUxosKvpkyybT4Gj13Xb8fsCuA5t5Yg04WRmFFKe45g9gMo%2B9RWS%2BiT6CfybSYjcBCB5RB5IQlyw%2Bxb%2F%2B5gjENJHhsvnc0OzX2QvvVDR9bIU2WEXalpBTuALp2lhXXnyu2DfvZ1b%2FdVDhFXXw2hZGMOMS9j%2FEXhzLIyJOIebfnEcd7akUfpWro0IhmX3R%2B6QYpVtNpfEBELjrk8Bj9FTzyce9DLA8Wukr38%2FzmYxLzX%7Ctkp%3ABFBM6LbAlrBi
July-07/23/23-2023,"Apple MacBook Air M1 13"" 2020 256GB SSD 8-Core/7-Core GPU Gray Excellent",715.0,https://www.ebay.com/itm/225631985734?epid=9055828714&hash=item3488b6e046:g:lakAAOSwPl1kla8x&amdata=enc%3AAQAIAAAA4HUzkTYDvW5reYRoJFb3SHLgeDjGMoqn7xtv3R1iXa7WVm1coBMr7ESdSHQCtFVqXSjd68ilDXCp7XYYUtmAs51numvMIPeHEmC7W1P8EHuQf2EGWrjgnRSf%2Bcm6CyOdkG7ndOEaMBBRgEcLuCVzQWB689tAmABgrpXKuCTacP4F%2BYkWiKYJtlWmUQ42jlTqU0g%2Fm5xLD%2F4QK%2BLKWdvAzuInDYwhr02M5zRPlp42s4tA2RafVjfjn%2Bp3wj8E4SupdWobgz7OWF04pHI9H0dnXIPkQk005RuDMz8V5SIL12OS%7Ctkp%3ABFBM6rbAlrBi
July-07/23/23-2023,Apple MacBook Air A2337 M1-8C 3.2GHz Z124000FK 256GB SSD - Space Gray,729.0,https://www.ebay.com/itm/266324678621?hash=item3e023017dd:g:f4QAAOSwHdVkqHN-&amdata=enc%3AAQAIAAAA4G2Ze1A7NlZEpZ2KreaB0X2tw0n4dq7jnJA1HMdYxWQ3zFavD2e16CcO%2B51iWXPfLDqZtfRDCgGNQL%2Fo6bkkWDLAI35ZPuFBvJyut765uoaLTkUrOMtePqZ8B5CZdBHEDMO1nFL%2FoCkOQiTl0Z1k62BduMFlgdOFoigVQQ031MgNj%2BNU6HlA90wryO0631AT75Tb3uDo3EKhdd0GiS7B3kMoUtgXMj5VURgBZrY4YzjkS%2FmNnc%2F2CnQZS5KlUt5zpmzgn%2FOfB1pCnX9WZgGEFg%2Bkr0Nhvf%2B1Otcrmrh0ZD6P%7Ctkp%3ABk9SR-i2wJawYg
July-07/23/23-2023,2020 Apple MacBook Air 13-inch M1 Chip 8GB RAM 256GB SSD Space Gray - Excellent,749.0,https://www.ebay.com/itm/255692856866?epid=15042414801&hash=item3b887b5e22:g:DMEAAOSwZlxjBqeU
July-07/23/23-2023,Apple MacBook Air 13-inch 2020 M1 / 8GB RAM / 256GB SSD / 7-Core GPU / Gray,749.0,https://www.ebay.com/itm/255197465059?epid=15042414801&hash=item3b6af449e3:g:d~IAAOSwvCNheDPw&amdata=enc%3AAQAIAAAAwDZWA8XmeODoeLxL8swMnV2B6qkl2aJYCPIaDDwizxwLqTZtFVmpn9VxMG1b991rbHjPfmLaO%2BukH8mFiPrvHKyt%2BH6UvhUTEnVtlQgzcTZ0bAyOSXiVFNbvnNEVfKCWcCT0EWE%2F6Y60Bp0VbJ%2FfkknxwIGwwQO23O6LMIKsSNV00Tn2H94pdUEkdeFL1l2xIozzAL6iJLSUaz3M64sKfIFgRFnl%2FJB5sTn7VQnsCcuS9w9bxWi7lZ6qrd38zKPHhg%3D%3D%7Ctkp%3ABk9SR-a2wJawYg
July-07/23/23-2023,"13"" Apple MacBook Pro 2020 M1 Chip 8-Core 8GB RAM 512GB SSD Ventura - Good",829.99,https://www.ebay.com/itm/304999215756?epid=24042406150&hash=item47035eb28c:g:TygAAOSwHA9kmZV8&amdata=enc%3AAQAIAAAAwLs3j%2BQ26DnTdnkxN3%2BCB8%2F99z9YrbeJQkaF%2B61M%2FbopTkIPskBsRXRsUACr%2FgdNX5Z4CLD81xmlmJ9RqkQUnGeRV2DqG55pJSNEhZ5DWzulBmSUrPt%2BB8gNq2DWFVu6RiI%2F3hIS9QN%2FlRKHmCa%2FgpLFYracAOj%2Bcv%2F5gBJf5%2BD9lG5IyWX1IYqG90i2kbO5j%2FIExDlcnD5FW0B2%2BUPr5DDf3l15W%2Feb9Jmo3EQrqyg%2BS8BV6zYxvpXGsryX3cz%2BjA%3D%3D%7Ctkp%3ABlBMUOS2wJawYg
